{
  "level": "A2",
  "confidence": 0.5836649805045652,
  "probs": {
    "A2": 0.5836649805045652,
    "B1": 0.22190638509380473,
    "B2": 0.0699629580136371,
    "C1": 0.12446567638799295
  }
}