{
  "level": "C1",
  "confidence": 0.43421680776408494,
  "probs": {
    "A2": 0.03223763345129882,
    "B1": 0.33146314139101357,
    "B2": 0.20208241739360258,
    "C1": 0.43421680776408494
  }
}