{
  "level": "B1",
  "confidence": 0.3695515972273467,
  "probs": {
    "A2": 0.012010166186996957,
    "B1": 0.3695515972273467,
    "B2": 0.3227575751592685,
    "C1": 0.29568066142638777
  }
}