{
  "level": "B1",
  "confidence": 0.5832379950301605,
  "probs": {
    "A2": 0.11907895914509074,
    "B1": 0.5832379950301605,
    "B2": 0.09158560447668793,
    "C1": 0.20609744134806088
  }
}