{
  "level": "B1",
  "confidence": 0.4915553903559342,
  "probs": {
    "A2": 0.19683441690170786,
    "B1": 0.4915553903559342,
    "B2": 0.13853143379665958,
    "C1": 0.1730787589456984
  }
}