{
  "level": "B1",
  "confidence": 0.5885069385530479,
  "probs": {
    "A2": 0.24677841387566538,
    "B1": 0.5885069385530479,
    "B2": 0.07722203775424176,
    "C1": 0.087492609817045
  }
}