{
  "level": "B1",
  "confidence": 0.577843537170775,
  "probs": {
    "A2": 0.03271517572244943,
    "B1": 0.577843537170775,
    "B2": 0.16257142356627016,
    "C1": 0.22686986354050537
  }
}