{
  "level": "B1",
  "confidence": 0.5732199461796403,
  "probs": {
    "A2": 0.2955235850780101,
    "B1": 0.5732199461796403,
    "B2": 0.04762587454712098,
    "C1": 0.08363059419522853
  }
}