{
  "level": "C1",
  "confidence": 0.4042274305358532,
  "probs": {
    "A2": 0.04332096350619653,
    "B1": 0.3822328165877925,
    "B2": 0.1702187893701578,
    "C1": 0.4042274305358532
  }
}