{
  "level": "B1",
  "confidence": 0.5165618874794904,
  "probs": {
    "A2": 0.19542330128396818,
    "B1": 0.5165618874794904,
    "B2": 0.06245159216344751,
    "C1": 0.22556321907309385
  }
}