{
  "level": "A2",
  "confidence": 0.4303432295227966,
  "probs": {
    "A2": 0.4303432295227966,
    "B1": 0.3362320481797305,
    "B2": 0.10900320891876913,
    "C1": 0.12442151337870382
  }
}