{
  "level": "B1",
  "confidence": 0.4853708402895264,
  "probs": {
    "A2": 0.025745983478268997,
    "B1": 0.4853708402895264,
    "B2": 0.17215921208584622,
    "C1": 0.3167239641463584
  }
}