{
  "level": "B1",
  "confidence": 0.6202634289519915,
  "probs": {
    "A2": 0.11290929863812293,
    "B1": 0.6202634289519915,
    "B2": 0.1312507462932758,
    "C1": 0.13557652611660986
  }
}