{
  "level": "B1",
  "confidence": 0.6707467740281492,
  "probs": {
    "A2": 0.2276789475983434,
    "B1": 0.6707467740281492,
    "B2": 0.040582846868141106,
    "C1": 0.060991431505366366
  }
}