{
  "level": "B1",
  "confidence": 0.6219576622028878,
  "probs": {
    "A2": 0.1921488948436887,
    "B1": 0.6219576622028878,
    "B2": 0.06770936118262212,
    "C1": 0.11818408177080145
  }
}