{
  "level": "C1",
  "confidence": 0.5138915445485337,
  "probs": {
    "A2": 0.028852274364548992,
    "B1": 0.21230418175715665,
    "B2": 0.24495199932976072,
    "C1": 0.5138915445485337
  }
}